<?xml version="1.0" encoding="UTF-8"?>
<!--
  ~ Copyright (c) 2014, WSO2 Inc. (http://www.wso2.org) All Rights Reserved.
  ~
  ~ WSO2 Inc. licenses this file to you under the Apache License,
  ~ Version 2.0 (the "License"); you may not use this file except
  ~ in compliance with the License.
  ~ You may obtain a copy of the License at
  ~
  ~ http://www.apache.org/licenses/LICENSE-2.0
  ~
  ~ Unless required by applicable law or agreed to in writing,
  ~ software distributed under the License is distributed on an
  ~ "AS IS" BASIS, WITHOUT WARRANTIES OR CONDITIONS OF ANY
  ~ KIND, either express or implied.  See the License for the
  ~ specific language governing permissions and limitations
  ~ under the License.
  -->

<beans xmlns="http://www.springframework.org/schema/beans"
       xmlns:xsi="http://www.w3.org/2001/XMLSchema-instance"
       xmlns:jaxrs="http://cxf.apache.org/jaxrs"
       xsi:schemaLocation="
         http://www.springframework.org/schema/beans http://www.springframework.org/schema/beans/spring-beans-2.0.xsd
         http://cxf.apache.org/jaxrs http://cxf.apache.org/schemas/jaxrs.xsd">

    <jaxrs:server id="operationService" address="/operations">
        <jaxrs:serviceBeans>
            <ref bean="operationServiceBean"/>
        </jaxrs:serviceBeans>
        <jaxrs:providers>
            <ref bean="jsonProvider"/>
            <ref bean="errorHandler"/>
        </jaxrs:providers>
    </jaxrs:server>
    <jaxrs:server id="featureService" address="/features">
        <jaxrs:serviceBeans>
            <ref bean="featureServiceBean"/>
        </jaxrs:serviceBeans>
        <jaxrs:providers>
            <ref bean="jsonProvider"/>
            <ref bean="errorHandler"/>
        </jaxrs:providers>
    </jaxrs:server>
    <jaxrs:server id="deviceService" address="/devices">
        <jaxrs:serviceBeans>
            <ref bean="deviceServiceBean"/>
        </jaxrs:serviceBeans>
        <jaxrs:providers>
            <ref bean="jsonProvider"/>
            <ref bean="errorHandler"/>
        </jaxrs:providers>
    </jaxrs:server>
    <jaxrs:server id="userService" address="/users">
        <jaxrs:serviceBeans>
            <ref bean="userServiceBean"/>
        </jaxrs:serviceBeans>
        <jaxrs:providers>
            <ref bean="jsonProvider"/>
            <ref bean="errorHandler"/>
        </jaxrs:providers>
    </jaxrs:server>
    <jaxrs:server id="roleService" address="/roles">
        <jaxrs:serviceBeans>
            <ref bean="roleServiceBean"/>
        </jaxrs:serviceBeans>
        <jaxrs:providers>
            <ref bean="jsonProvider"/>
            <ref bean="errorHandler"/>
        </jaxrs:providers>
    </jaxrs:server>
    <jaxrs:server id="policyService" address="/policies">
        <jaxrs:serviceBeans>
            <ref bean="policyServiceBean"/>
        </jaxrs:serviceBeans>
        <jaxrs:providers>
            <ref bean="jsonProvider"/>
            <ref bean="errorHandler"/>
        </jaxrs:providers>
    </jaxrs:server>
    <jaxrs:server id="profileService" address="/profiles">
        <jaxrs:serviceBeans>
            <ref bean="profileServiceBean"/>
        </jaxrs:serviceBeans>
        <jaxrs:providers>
            <ref bean="jsonProvider"/>
            <ref bean="errorHandler"/>
        </jaxrs:providers>
    </jaxrs:server>
    <jaxrs:server id="configurationService" address="/configuration">
        <jaxrs:serviceBeans>
            <ref bean="configurationServiceBean"/>
        </jaxrs:serviceBeans>
        <jaxrs:providers>
            <ref bean="jsonProvider"/>
            <ref bean="errorHandler"/>
        </jaxrs:providers>
    </jaxrs:server>
    <jaxrs:server id="licenseService" address="/license">
        <jaxrs:serviceBeans>
            <ref bean="licenseServiceBean"/>
        </jaxrs:serviceBeans>
        <jaxrs:providers>
            <ref bean="jsonProvider"/>
            <ref bean="errorHandler"/>
        </jaxrs:providers>
    </jaxrs:server>
    <jaxrs:server id="notificationService" address="/notifications">
        <jaxrs:serviceBeans>
            <ref bean="notificationServiceBean"/>
        </jaxrs:serviceBeans>
        <jaxrs:providers>
            <ref bean="jsonProvider"/>
            <ref bean="errorHandler"/>
        </jaxrs:providers>
    </jaxrs:server>
    <!--
    <jaxrs:server id="authenticationService" address="/authentication">
        <jaxrs:serviceBeans>
            <ref bean="authenticationServiceBean"/>
        </jaxrs:serviceBeans>
        <jaxrs:providers>
            <ref bean="jsonProvider"/>
            <ref bean="errorHandler"/>
        </jaxrs:providers>
    </jaxrs:server>
-->
    <bean id="operationServiceBean" class="org.wso2.carbon.mdm.api.Operation"/>
    <bean id="deviceServiceBean" class="org.wso2.carbon.mdm.api.MobileDevice"/>
    <bean id="userServiceBean" class="org.wso2.carbon.mdm.api.User"/>
    <bean id="roleServiceBean" class="org.wso2.carbon.mdm.api.Role"/>
    <bean id="featureServiceBean" class="org.wso2.carbon.mdm.api.Feature"/>
    <bean id="configurationServiceBean" class="org.wso2.carbon.mdm.api.Configuration"/>
    <bean id="notificationServiceBean" class="org.wso2.carbon.mdm.api.DeviceNotification"/>
    <bean id="licenseServiceBean" class="org.wso2.carbon.mdm.api.License"/>
    <!--
    <bean id="authenticationServiceBean" class="org.wso2.carbon.mdm.api.Authentication"/>
    -->
    <bean id="policyServiceBean" class="org.wso2.carbon.mdm.api.Policy"/>
    <bean id="profileServiceBean" class="org.wso2.carbon.mdm.api.Profile"/>
    <bean id="jsonProvider" class="org.wso2.mdm.common.GsonMessageBodyHandler"/>
    <bean id="errorHandler" class="org.wso2.carbon.mdm.api.common.ErrorHandler"/>

</beans>
