<?xml version="1.0" encoding="ISO-8859-1"?>
<!--
  ~ Copyright (c) 2015, WSO2 Inc. (http://www.wso2.org) All Rights Reserved.
  ~
  ~ WSO2 Inc. licenses this file to you under the Apache License,
  ~ Version 2.0 (the "License"); you may not use this file except
  ~ in compliance with the License.
  ~ you may obtain a copy of the License at
  ~
  ~   http://www.apache.org/licenses/LICENSE-2.0
  ~
  ~ Unless required by applicable law or agreed to in writing,
  ~ software distributed under the License is distributed on an
  ~ "AS IS" BASIS, WITHOUT WARRANTIES OR CONDITIONS OF ANY
  ~ KIND, either express or implied.  See the License for the
  ~ specific language governing permissions and limitations
  ~ under the License.
-->
<APIPublisherConfig>
        <APIs>
            <API>
               <Name>appmanager</Name>
               <Owner>admin</Owner>
               <Context>/devices</Context>
               <Version>1.0.0</Version>
               <Endpoint>http://localhost:9763/test/app</Endpoint>
               <Transports>http,https</Transports>
            </API>
            <API>
               <Name>enrol</Name>
               <Owner>admin</Owner>
               <Context>/enroll</Context>
               <Version>1.0.0</Version>
               <Endpoint>http://localhost:9763/cdm-android-api/enrollment</Endpoint>
               <Transports>http,https</Transports>
            </API>
            <API>
               <Name>license</Name>
               <Owner>admin</Owner>
               <Context>/license</Context>
               <Version>1.0.0</Version>
               <Endpoint>http://localhost:9763/cdm-android-api/devices/license</Endpoint>
               <Transports>http,https</Transports>
            </API>
            <API>
               <Name>operation</Name>
               <Owner>admin</Owner>
               <Context>/operation</Context>
               <Version>1.0.0</Version>
               <Endpoint>http://localhost:9763/cdm-android-ap/operation</Endpoint>
               <Transports>http,https</Transports>
            </API>
         </APIs>
</APIPublisherConfig>
