<?xml version="1.0" encoding="UTF-8"?>
<!--
  ~ Copyright (c) 2015, WSO2 Inc. (http://www.wso2.org) All Rights Reserved.
  ~
  ~ WSO2 Inc. licenses this file to you under the Apache License,
  ~ Version 2.0 (the "License"); you may not use this file except
  ~ in compliance with the License.
  ~ you may obtain a copy of the License at
  ~
  ~   http://www.apache.org/licenses/LICENSE-2.0
  ~
  ~ Unless required by applicable law or agreed to in writing,
  ~ software distributed under the License is distributed on an
  ~ "AS IS" BASIS, WITHOUT WARRANTIES OR CONDITIONS OF ANY
  ~ KIND, either express or implied.  See the License for the
  ~ specific language governing permissions and limitations
  ~ under the License.
  -->

<!-- This file contains the list of permissions that are associated with URL end points
    of the web app. Each permission should contain the name, permission path ,API path
    (URL) , HTTP method and OAUTH2 authorization scope (not-required).
    When defining dynamic paths for APIs, path variables are denoted by '*' notation.
    For ex:
    Actual API endpoint: mdm-admin/1.0.0/devices/{device-id}
    URL to be represented here: /devices/*
    NOTE: All the endpoints of the web app should be available in this file. Otherwise
    it will result 403 error at the runtime.
-->
<PermissionConfiguration>
    <APIVersion></APIVersion>
    <!-- Device related APIs -->

    <Permission>
        <name>Device Management</name>
        <path>/device-mgt</path>
        <url>/</url>
        <method>GET</method>
    </Permission>

    <Permission>
        <name>Device Management Admin</name>
        <path>/device-mgt/emm-admin</path>
        <url>/</url>
        <method>GET</method>
    </Permission>

    <Permission>
        <name>Device Management User</name>
        <path>/device-mgt/user</path>
        <url>/</url>
        <method>GET</method>
    </Permission>

    <Permission>
        <name>Devices</name>
        <path>/device-mgt/emm-admin/devices</path>
        <url>/</url>
        <method>GET</method>
    </Permission>

    <Permission>
        <name>Policies</name>
        <path>/device-mgt/emm-admin/policies</path>
        <url>/</url>
        <method>GET</method>
    </Permission>

    <Permission>
        <name>Notifications</name>
        <path>/device-mgt/emm-admin/notifications</path>
        <url>/</url>
        <method>GET</method>
    </Permission>

    <Permission>
        <name>Users</name>
        <path>/device-mgt/emm-admin/users</path>
        <url>/</url>
        <method>GET</method>
    </Permission>

    <Permission>
        <name>Operations</name>
        <path>/device-mgt/emm-admin/operations</path>
        <url>/</url>
        <method>GET</method>
    </Permission>

    <Permission>
        <name>Applications</name>
        <path>/device-mgt/emm-admin/operations/applications</path>
        <url>/</url>
        <method>GET</method>
    </Permission>

    <Permission>
        <name>Roles</name>
        <path>/device-mgt/emm-admin/roles</path>
        <url>/</url>
        <method>GET</method>
    </Permission>

    <Permission>
        <name>Configurations</name>
        <path>/device-mgt/emm-admin/platform-configs</path>
        <url>/</url>
        <method>GET</method>
    </Permission>

    <Permission>
        <name>View Dashboard</name>
        <path>/device-mgt/emm-admin/dashboard</path>
        <url>/</url>
        <method>GET</method>
    </Permission>

    <Permission>
        <name>List devices</name>
        <path>/device-mgt/emm-admin/devices/list</path>
        <url>/devices</url>
        <method>GET</method>
    </Permission>

    <Permission>
        <name>List devices</name>
        <path>/device-mgt/emm-admin/devices/list</path>
        <url>/devices/types</url>
        <method>GET</method>
    </Permission>

    <Permission>
        <name>Add policy</name>
        <path>/device-mgt/emm-admin/policies/add</path>
        <url>/devices/types</url>
        <method>GET</method>
    </Permission>

    <Permission>
        <name>Edit policy</name>
        <path>/device-mgt/emm-admin/policies/update</path>
        <url>/devices/types</url>
        <method>GET</method>
    </Permission>

    <Permission>
        <name>View device</name>
        <path>/device-mgt/emm-admin/devices/view</path>
        <url>/devices/view</url>
        <method>GET</method>
    </Permission>

    <Permission>
        <name>View device</name>
        <path>/device-mgt/user/devices/view</path>
        <url>/devices/view</url>
        <method>GET</method>
    </Permission>

    <!--<Permission>-->
        <!--<name>Get device</name>-->
        <!--<path>/device-mgt/devices/view</path>-->
        <!--<url>/devices/*/*</url>-->
        <!--<method>GET</method>-->
        <!--<scope>emm_admin,emm_user</scope>-->
    <!--</Permission>-->

    <Permission>
        <name>View device</name>
        <path>/device-mgt/emm-admin/devices/view</path>
        <url>/devices/user/*/*</url>
        <method>GET</method>
    </Permission>

    <Permission>
        <name>List devices</name>
        <path>/device-mgt/emm-admin/devices/list</path>
        <url>/devices/count</url>
        <method>GET</method>
    </Permission>

    <Permission>
        <name>List devices</name>
        <path>/device-mgt/emm-admin/devices/list</path>
        <url>/devices/name/*/*</url>
        <method>GET</method>
    </Permission>
    <!-- End of Device related APIs -->

    <!-- Notification related APIs -->
    <Permission>
        <name>View notifications</name>
        <path>/device-mgt/emm-admin/notifications/view</path>
        <url>/notifications</url>
        <method>GET</method>
    </Permission>

    <Permission>
        <name>Add notification</name>
        <path>/device-mgt/emm-admin/notifications/add</path>
        <url>/notifications</url>
        <method>POST</method>
    </Permission>

    <Permission>
        <name>Update notification</name>
        <path>/device-mgt/emm-admin/notifications/update</path>
        <url>/notifications/*/*</url>
        <method>PUT</method>
    </Permission>

    <Permission>
        <name>View notifications</name>
        <path>/device-mgt/emm-admin/notifications/view</path>
        <url>/notifications/*</url>
        <method>GET</method>
    </Permission>
    <!-- End of Notification related APIs -->

    <!-- Operations related APIs -->
    <Permission>
        <name>View user</name>
        <path>/device-mgt/emm-admin/users/view</path>
        <url>/operations</url>
        <method>GET</method>
    </Permission>

    <Permission>
        <name>Install application</name>
        <path>/device-mgt/emm-admin/operations/applications/install-applications</path>
        <url>/operations</url>
        <method>POST</method>
    </Permission>

    <Permission>
        <name>Install application</name>
        <path>/device-mgt/emm-admin/operations/applications/install-applications</path>
        <url>/operations/installApp/*</url>
        <method>POST</method>
    </Permission>

    <Permission>
        <name>Uninstall application</name>
        <path>/device-mgt/emm-admin/operations/applications/uninstall-applications</path>
        <url>/operations/uninstallApp/*</url>
        <method>POST</method>
    </Permission>

    <Permission>
        <name>View application</name>
        <path>/device-mgt/emm-admin/operations/applications/view-applications</path>
        <url>/operations/*/*/*</url>
        <method>GET</method>
    </Permission>

    <Permission>
        <name>View devices</name>
        <path>/device-mgt/user/devices/view</path>
        <url>/operations/*/*/*</url>
        <method>GET</method>
    </Permission>

    <Permission>
        <name>View device</name>
        <path>/device-mgt/emm-admin/devices/view</path>
        <url>/operations/*/*/*</url>
        <method>GET</method>
    </Permission>

    <Permission>
        <name>View device</name>
        <path>/device-mgt/emm-admin/devices/view</path>
        <url>/operations/*/*</url>
        <method>GET</method>
    </Permission>

    <Permission>
        <name>View device</name>
        <path>/device-mgt/emm-admin/devices/view</path>
        <url>/operations/paginate/*/*</url>
        <method>GET</method>
    </Permission>

    <Permission>
        <name>View device</name>
        <path>/device-mgt/user/devices/view</path>
        <url>/operations/*/*</url>
        <method>GET</method>
    </Permission>

    <Permission>
        <name>View device</name>
        <path>/device-mgt/user/devices/view</path>
        <url>/operations/paginate/*/*</url>
        <method>GET</method>
    </Permission>

    <!--<Permission>-->
        <!--<name>Get Applications For Device Type</name>-->
        <!--<path>/device-mgt/operations/application/view</path>-->
        <!--<url>/operations/*</url>-->
        <!--<method>GET</method>-->
        <!--<scope>emm_admin,emm_user</scope>-->
    <!--</Permission>-->
    <!-- End of Operations related APIs -->

    <!-- Feature related APIs -->
    <Permission>
        <name>List policies</name>
        <path>/device-mgt/emm-admin/policies/list</path>
        <url>/features/*</url>
        <method>GET</method>
    </Permission>

    <Permission>
        <name>View device</name>
        <path>/device-mgt/emm-admin/devices/view</path>
        <url>/features/*</url>
        <method>GET</method>
    </Permission>

    <Permission>
        <name>View device</name>
        <path>/device-mgt/user/devices/view</path>
        <url>/features/*</url>
        <method>GET</method>
    </Permission>

    <Permission>
        <name>View device</name>
        <path>/device-mgt/user/devices/view</path>
        <url>/features</url>
        <method>GET</method>
        <scope>emm_admin</scope>
    </Permission>
    <!-- End of Feature related APIs -->

    <!-- Role related APIs -->
    <Permission>
        <name>List roles</name>
        <path>/device-mgt/emm-admin/roles/list</path>
        <url>/roles</url>
        <method>GET</method>
    </Permission>

    <Permission>
        <name>View user</name>
        <path>/device-mgt/emm-admin/users/view</path>
        <url>/roles</url>
        <method>GET</method>
    </Permission>

    <Permission>
        <name>Add policy</name>
        <path>/device-mgt/emm-admin/policies/add</path>
        <url>/roles</url>
        <method>GET</method>
    </Permission>

    <Permission>
        <name>Update policy</name>
        <path>/device-mgt/emm-admin/policies/update</path>
        <url>/roles</url>
        <method>GET</method>
    </Permission>

    <Permission>
        <name>List roles</name>
        <path>/device-mgt/emm-admin/roles/list</path>
        <url>/roles/permissions</url>
        <method>GET</method>
    </Permission>

    <Permission>
        <name>List roles</name>
        <path>/device-mgt/emm-admin/roles/list</path>
        <url>/roles/*</url>
        <method>GET</method>
    </Permission>

    <Permission>
        <name>Add user</name>
        <path>/device-mgt/emm-admin/users/add</path>
        <url>/roles/*</url>
        <method>GET</method>
    </Permission>

    <Permission>
        <name>Update role</name>
        <path>/device-mgt/emm-admin/roles/update</path>
        <url>/roles</url>
        <method>PUT</method>
    </Permission>

    <!--<Permission>-->
        <!--<name>Update a specific role</name>-->
        <!--<path>/device-mgt/roles/update</path>-->
        <!--<url>/roles/*</url>-->
        <!--<method>PUT</method>-->
        <!--<scope>emm_admin</scope>-->
    <!--</Permission>-->

    <Permission>
        <name>Update role</name>
        <path>/device-mgt/emm-admin/roles/update</path>
        <url>/roles/users</url>
        <method>PUT</method>
    </Permission>

    <Permission>
        <name>Add role</name>
        <path>/device-mgt/emm-admin/roles/add</path>
        <url>/roles</url>
        <method>POST</method>
    </Permission>

    <Permission>
        <name>Remove role</name>
        <path>/device-mgt/emm-admin/roles/remove</path>
        <url>/roles</url>
        <method>DELETE</method>
    </Permission>

    <Permission>
        <name>List roles</name>
        <path>/device-mgt/emm-admin/roles/list</path>
        <url>/roles/count</url>
        <method>GET</method>
    </Permission>
    <!-- End of Role related APIs -->

    <!-- User related APIs -->
    <Permission>
        <name>List users</name>
        <path>/device-mgt/emm-admin/users/list</path>
        <url>/users</url>
        <method>GET</method>
    </Permission>

    <Permission>
        <name>Add user</name>
        <path>/device-mgt/emm-admin/users/add</path>
        <url>/users</url>
        <method>POST</method>
    </Permission>

    <Permission>
        <name>View user</name>
        <path>/device-mgt/emm-admin/users/view</path>
        <url>/users/view</url>
        <method>GET</method>
    </Permission>

    <Permission>
        <name>Update user</name>
        <path>/device-mgt/emm-admin/users/update</path>
        <url>/users</url>
        <method>PUT</method>
    </Permission>

    <Permission>
        <name>Change user password</name>
        <path>/login</path>
        <url>/users/change-password</url>
        <method>POST</method>
        <scope>emm_admin</scope>
    </Permission>

    <Permission>
        <name>Reset password</name>
        <path>/device-mgt/emm-admin/users/password-reset</path>
        <url>/users/reset-password</url>
        <method>POST</method>
    </Permission>

    <Permission>
        <name>Remove user</name>
        <path>/device-mgt/emm-admin/users/remove</path>
        <url>/users</url>
        <method>DELETE</method>
    </Permission>

    <Permission>
        <name>View user</name>
        <path>/device-mgt/emm-admin/users/view</path>
        <url>/users/roles</url>
        <method>GET</method>
    </Permission>

    <!--<Permission>-->
        <!--<name>Get user roles by name</name>-->
        <!--<path>/device-mgt/emm-admin/users/view</path>-->
        <!--<url>/roles</url>-->
        <!--<method>GET</method>-->
    <!--</Permission>-->

    <Permission>
        <name>Add user</name>
        <path>/device-mgt/emm-admin/users/add</path>
        <url>/roles</url>
        <method>POST</method>
    </Permission>

    <Permission>
        <name>List devices</name>
        <path>/device-mgt/user/devices/list</path>
        <url>/users/devices</url>
        <method>GET</method>
    </Permission>

    <Permission>
        <name>List devices</name>
        <path>/device-mgt/emm-admin/devices/list</path>
        <url>/users/devices</url>
        <method>GET</method>
    </Permission>

    <Permission>
        <name>View user</name>
        <path>/device-mgt/emm-admin/users/view</path>
        <url>/users/*/*</url>
        <method>GET</method>
    </Permission>

    <Permission>
        <name>List users</name>
        <path>/device-mgt/emm-admin/users/list</path>
        <url>/users/count</url>
        <method>GET</method>
    </Permission>

    <Permission>
        <name>List users</name>
        <path>/device-mgt/emm-admin/users/list</path>
        <url>/users/view-users</url>
        <method>GET</method>
    </Permission>

    <Permission>
        <name>Add role</name>
        <path>/device-mgt/emm-admin/roles/add</path>
        <url>/users/view-users</url>
        <method>GET</method>
    </Permission>

    <Permission>
        <name>Update role</name>
        <path>/device-mgt/emm-admin/roles/update</path>
        <url>/users/view-users</url>
        <method>GET</method>
    </Permission>

    <Permission>
        <name>Add policy</name>
        <path>/device-mgt/emm-admin/policies/add</path>
        <url>/users/view-users</url>
        <method>GET</method>
    </Permission>

    <Permission>
        <name>Update policy</name>
        <path>/device-mgt/emm-admin/policies/update</path>
        <url>/users/view-users</url>
        <method>GET</method>
    </Permission>

    <Permission>
        <name>List users</name>
        <path>/device-mgt/emm-admin/users/list</path>
        <url>/users/users-by-username</url>
        <method>GET</method>
    </Permission>

    <Permission>
        <name>List users</name>
        <path>/device-mgt/emm-admin/users/list</path>
        <url>/users/users-by-username/*</url>
        <method>GET</method>
    </Permission>

    <Permission>
        <name>Invite user</name>
        <path>/device-mgt/emm-admin/users/invite</path>
        <url>/users/email-invitation</url>
        <method>POST</method>
    </Permission>

    <Permission>
        <name>Authorize user</name>
        <path>/login</path>
        <url>/users/authorize</url>
        <method>POST</method>
    </Permission>
    <!-- End of User related APIs -->

    <!-- Policy related APIs -->
    <Permission>
        <name>Add Policy</name>
        <path>/device-mgt/emm-admin/policies/add</path>
        <url>/policies/inactive-policy</url>
        <method>POST</method>
    </Permission>

    <Permission>
        <name>List policies</name>
        <path>/device-mgt/emm-admin/policies/list</path>
        <url>/policies/*/*</url>
        <method>POST</method>
    </Permission>

    <Permission>
        <name>List policies</name>
        <path>/device-mgt/emm-admin/policies/list</path>
        <url>/policies/*/*/*</url>
        <method>GET</method>
    </Permission>

    <Permission>
        <name>View device</name>
        <path>/device-mgt/emm-admin/devices/view</path>
        <url>/policies/*/*/*</url>
        <method>GET</method>
    </Permission>

    <Permission>
        <name>View device</name>
        <path>/device-mgt/user/devices/view</path>
        <url>/policies/*/*/*</url>
        <method>GET</method>
    </Permission>

    <Permission>
        <name>Add policy</name>
        <path>/device-mgt/emm-admin/policies/add</path>
        <url>/policies/active-policy</url>
        <method>POST</method>
    </Permission>

    <Permission>
        <name>Remove policy</name>
        <path>/device-mgt/emm-admin/policies/remove</path>
        <url>/policies/bulk-remove</url>
        <method>POST</method>
    </Permission>

    <Permission>
        <name>List policies</name>
        <path>/device-mgt/emm-admin/policies/list</path>
        <url>/policies</url>
        <method>GET</method>
    </Permission>

    <Permission>
        <name>List policies</name>
        <path>/device-mgt/emm-admin/policies/list</path>
        <url>/policies/*</url>
        <method>GET</method>
    </Permission>

    <Permission>
        <name>Update policy</name>
        <path>/device-mgt/emm-admin/policies/update</path>
        <url>/policies/*</url>
        <method>PUT</method>
    </Permission>

    <Permission>
        <name>Remove policy</name>
        <path>/device-mgt/emm-admin/policies/remove</path>
        <url>/policies</url>
        <method>DELETE</method>
    </Permission>

    <Permission>
        <name>List policies</name>
        <path>/device-mgt/emm-admin/policies/list</path>
        <url>/policies/count</url>
        <method>GET</method>
    </Permission>

    <Permission>
        <name>Edit policy</name>
        <path>/device-mgt/emm-admin/policies/update</path>
        <url>/policies/priorities</url>
        <method>PUT</method>
    </Permission>

    <Permission>
        <name>Edit policy</name>
        <path>/device-mgt/emm-admin/policies/update</path>
        <url>/policies/activate</url>
        <method>PUT</method>
    </Permission>

    <Permission>
        <name>Add policy</name>
        <path>/device-mgt/emm-admin/policies/add</path>
        <url>/policies/activate</url>
        <method>PUT</method>
    </Permission>

    <Permission>
        <name>Edit policy</name>
        <path>/device-mgt/emm-admin/policies/update</path>
        <url>/policies/inactivate</url>
        <method>PUT</method>
    </Permission>

    <Permission>
        <name>Add policy</name>
        <path>/device-mgt/emm-admin/policies/add</path>
        <url>/policies/inactivate</url>
        <method>PUT</method>
    </Permission>

    <Permission>
        <name>Edit policy</name>
        <path>/device-mgt/emm-admin/policies/update</path>
        <url>/policies/apply-changes</url>
        <method>PUT</method>
    </Permission>

    <Permission>
        <name>Add policy</name>
        <path>/device-mgt/emm-admin/policies/add</path>
        <url>/policies/start-task/*</url>
        <method>GET</method>
    </Permission>

    <Permission>
        <name>Add policy</name>
        <path>/device-mgt/emm-admin/policies/add</path>
        <url>/policies/update-task/*</url>
        <method>GET</method>
    </Permission>

    <Permission>
        <name>Add policy</name>
        <path>/device-mgt/emm-admin/policies/add</path>
        <url>/policies/stop-task</url>
        <method>GET</method>
    </Permission>

    <Permission>
        <name>List policies</name>
        <path>/device-mgt/emm-admin/policies/list</path>
        <url>/policies/*/*</url>
        <method>GET</method>
    </Permission>
    <!-- End of Policy related APIs -->

    <!-- Profile related APIs -->
    <Permission>
        <name>Add policy</name>
        <path>/device-mgt/emm-admin/policies/add</path>
        <url>/profiles</url>
        <method>POST</method>
    </Permission>

    <Permission>
        <name>Edit policy</name>
        <path>/device-mgt/emm-admin/policies/update</path>
        <url>/profiles/*</url>
        <method>PUT</method>
    </Permission>

    <Permission>
        <name>Remove policy</name>
        <path>/device-mgt/emm-admin/policies/remove</path>
        <url>/profiles/*</url>
        <method>DELETE</method>
    </Permission>
    <!-- End of Profile related APIs -->

    <!-- License related APIs -->
    <!--<Permission>-->
    <!--<name>Get license</name>-->
    <!--<path>/device-mgt/license/view</path>-->
    <!--<url>/license/*/*</url>-->
    <!--<method>GET</method>-->
    <!--<scope>emm_admin</scope>-->
    <!--</Permission>-->
    <!--<Permission>-->
    <!--<name>Add license</name>-->
    <!--<path>/device-mgt/license/add</path>-->
    <!--<url>/license</url>-->
    <!--<method>POST</method>-->
    <!--<scope>emm_admin</scope>-->
    <!--</Permission>-->
    <!-- End of License related APIs -->

    <!-- Configuration related APIs -->
    <Permission>
        <name>View configuration</name>
        <path>/device-mgt/emm-admin/platform-configs/view</path>
        <url>/configuration</url>
        <method>GET</method>
    </Permission>

    <Permission>
        <name>Add configuration</name>
        <path>/device-mgt/emm-admin/platform-configs/add</path>
        <url>/configuration</url>
        <method>POST</method>
    </Permission>

    <Permission>
        <name>Update configuration</name>
        <path>/device-mgt/emm-admin/platform-configs/modify</path>
        <url>/configuration</url>
        <method>PUT</method>
    </Permission>
    <!-- End of Configuration related APIs -->

</PermissionConfiguration>