<datasources-configuration xmlns:svns="http://org.wso2.securevault/configuration">
    <providers>
        <provider>org.wso2.carbon.ndatasource.rdbms.RDBMSDataSourceReader</provider>
    </providers>

    <datasources>
        <datasource>
            <name>DM_DS</name>
            <description>The datasource used for EMM</description>
            <jndiConfig>
                <name>jdbc/DM_DS</name>
            </jndiConfig>
            <definition type="RDBMS">
                <configuration>
                    <url>jdbc:h2:repository/database/WSO2DM_DB;DB_CLOSE_ON_EXIT=FALSE</url>
                    <username>wso2carbon</username>
                    <password>wso2carbon</password>
                    <driverClassName>org.h2.Driver</driverClassName>
                    <maxActive>50</maxActive>
                    <maxWait>60000</maxWait>
                    <testOnBorrow>true</testOnBorrow>
                    <validationQuery>SELECT 1</validationQuery>
                    <validationInterval>30000</validationInterval>
                </configuration>
            </definition>
        </datasource>
        <datasource>
            <name>MobileIOSDM_DS</name>
            <description>The datasource used for EMM Mobile iOS Device Management</description>
            <jndiConfig>
                <name>jdbc/MobileIOSDM_DS</name>
            </jndiConfig>
            <definition type="RDBMS">
                <configuration>
                    <url>jdbc:h2:repository/database/WSO2MobileIOS_DB;DB_CLOSE_ON_EXIT=FALSE</url>
                    <username>wso2carbon</username>
                    <password>wso2carbon</password>
                    <driverClassName>org.h2.Driver</driverClassName>
                    <maxActive>50</maxActive>
                    <maxWait>60000</maxWait>
                    <testOnBorrow>true</testOnBorrow>
                    <validationQuery>SELECT 1</validationQuery>
                    <validationInterval>30000</validationInterval>
                </configuration>
            </definition>
        </datasource>
        <datasource>
            <name>MobileAndroidDM_DS</name>
            <description>The datasource used for EMM Mobile Android Device Management</description>
            <jndiConfig>
                <name>jdbc/MobileAndroidDM_DS</name>
            </jndiConfig>
            <definition type="RDBMS">
                <configuration>
                    <url>jdbc:h2:repository/database/WSO2MobileAndroid_DB;DB_CLOSE_ON_EXIT=FALSE</url>
                    <username>wso2carbon</username>
                    <password>wso2carbon</password>
                    <driverClassName>org.h2.Driver</driverClassName>
                    <maxActive>50</maxActive>
                    <maxWait>60000</maxWait>
                    <testOnBorrow>true</testOnBorrow>
                    <validationQuery>SELECT 1</validationQuery>
                    <validationInterval>30000</validationInterval>
                </configuration>
            </definition>
        </datasource>
        <datasource>
            <name>MobileWindowsDM_DS</name>
            <description>The datasource used for EMM Mobile Windows Device Management</description>
            <jndiConfig>
                <name>jdbc/MobileWindowsDM_DS</name>
            </jndiConfig>
            <definition type="RDBMS">
                <configuration>
                    <url>jdbc:h2:repository/database/WSO2MobileWindows_DB;DB_CLOSE_ON_EXIT=FALSE</url>
                    <username>wso2carbon</username>
                    <password>wso2carbon</password>
                    <driverClassName>org.h2.Driver</driverClassName>
                    <maxActive>50</maxActive>
                    <maxWait>60000</maxWait>
                    <testOnBorrow>true</testOnBorrow>
                    <validationQuery>SELECT 1</validationQuery>
                    <validationInterval>30000</validationInterval>
                </configuration>
            </definition>
        </datasource>

    </datasources>
</datasources-configuration>
