<datasources-configuration xmlns:svns="http://org.wso2.securevault/configuration">
    <providers>
        <provider>org.wso2.carbon.ndatasource.rdbms.RDBMSDataSourceReader</provider>
    </providers>

    <datasources>
        <datasource>
            <name>WSO2_CARBON_DB</name>
            <description>The datasource used for registry and user manager</description>
            <jndiConfig>
                <name>jdbc/WSO2CarbonDB</name>
            </jndiConfig>
            <definition type="RDBMS">
                <configuration>
                    <url>jdbc:h2:repository/database/WSO2CARBON_DB;DB_CLOSE_ON_EXIT=FALSE</url>
                    <username>wso2carbon</username>
                    <password>wso2carbon</password>
                    <driverClassName>org.h2.Driver</driverClassName>
                    <maxActive>50</maxActive>
                    <maxWait>60000</maxWait>
                    <testOnBorrow>true</testOnBorrow>
                    <validationQuery>SELECT 1</validationQuery>
                    <validationInterval>30000</validationInterval>
                </configuration>
            </definition>
        </datasource>

        <datasource>
            <name>WSO2AM_DB</name>
            <description>The datasource used for API Manager database</description>
            <jndiConfig>
                <name>jdbc/WSO2AM_DB</name>
            </jndiConfig>
            <definition type="RDBMS">
                <configuration>
                    <url>jdbc:h2:repository/database/WSO2AM_DB;DB_CLOSE_ON_EXIT=FALSE</url>
                    <username>wso2carbon</username>
                    <password>wso2carbon</password>
                    <driverClassName>org.h2.Driver</driverClassName>
                    <maxActive>50</maxActive>
                    <maxWait>60000</maxWait>
                    <testOnBorrow>true</testOnBorrow>
                    <validationQuery>SELECT 1</validationQuery>
                    <validationInterval>30000</validationInterval>
                </configuration>
            </definition>
        </datasource>

        <datasource>
            <name>WSO2_SOCIAL_DB</name>
            <description>The datasource used for Store social database</description>
            <jndiConfig>
                <name>jdbc/WSO2_SOCIAL_DB</name>
            </jndiConfig>
            <definition type="RDBMS">
                <configuration>
                    <url>jdbc:h2:repository/database/WSO2_SOCIAL_DB;DB_CLOSE_ON_EXIT=FALSE</url>
                    <username>wso2carbon</username>
                    <password>wso2carbon</password>
                    <driverClassName>org.h2.Driver</driverClassName>
                    <maxActive>50</maxActive>
                    <maxWait>60000</maxWait>
                    <testOnBorrow>true</testOnBorrow>
                    <validationQuery>SELECT 1</validationQuery>
                    <validationInterval>30000</validationInterval>
                </configuration>
            </definition>
        </datasource>

        <!--<datasource>-->
            <!--<name>WSO2_IDENTITY_DB</name>-->
            <!--<description>The datasource used for Identity configurations</description>-->
            <!--<jndiConfig>-->
                <!--<name>jdbc/WSO2IdentityDB</name>-->
            <!--</jndiConfig>-->
            <!--<definition type="RDBMS">-->
                <!--<configuration>-->
                    <!--<url>jdbc:h2:repository/database/WSO2IDENTITY_DB;DB_CLOSE_ON_EXIT=FALSE</url>-->
                    <!--<username>wso2carbon</username>-->
                    <!--<password>wso2carbon</password>-->
                    <!--<driverClassName>org.h2.Driver</driverClassName>-->
                    <!--<maxActive>50</maxActive>-->
                    <!--<maxWait>60000</maxWait>-->
                    <!--<testOnBorrow>true</testOnBorrow>-->
                    <!--<validationQuery>SELECT 1</validationQuery>-->
                    <!--<validationInterval>30000</validationInterval>-->
                <!--</configuration>-->
            <!--</definition>-->
        <!--</datasource>-->

        <!--<datasource>-->
            <!--<name>SOCIAL_CACHE</name>-->
            <!--<description>The datasource used for storing the cached social objects.</description>-->
            <!--<jndiConfig>-->
                <!--<name>jdbc/test</name>-->
            <!--</jndiConfig>-->
            <!--<definition type="RDBMS">-->
                <!--<configuration>-->
                    <!--<url>jdbc:h2:repository/database/WSO2SOCIAL_CACHE_DB;DB_CLOSE_ON_EXIT=FALSE</url>-->
                    <!--<username>wso2carbon</username>-->
                    <!--<password>wso2carbon</password>-->
                    <!--<driverClassName>org.h2.Driver</driverClassName>-->
                    <!--<maxActive>50</maxActive>-->
                    <!--<maxWait>60000</maxWait>-->
                <!--</configuration>-->
            <!--</definition>-->
        <!--</datasource>-->

        <!--<datasource>-->
            <!--<name>SOCIAL_CASSANDRA_DB</name>-->
            <!--<description>The cassandra  datasource used for storing social activities</description>-->
            <!--<definition type="RDBMS">-->
                <!--<configuration>-->
                    <!--<url>jdbc:cassandra://localhost:9160/EVENT_KS</url>-->
                    <!--<username>admin@admin.com</username>-->
                    <!--<password>admin</password>-->
                    <!--<driverClassName>org.apache.cassandra.cql.jdbc.CassandraDriver</driverClassName>-->
                <!--</configuration>-->
            <!--</definition>-->
        <!--</datasource>-->


        <datasource>
            <name>JAGH2</name>
            <description>The datasource used for by the Jaggery Storage Manager</description>
            <jndiConfig>
                <name>jdbc/ES_Storage</name>
            </jndiConfig>
            <definition type="RDBMS">
                <configuration>
                    <url>jdbc:h2:repository/database/ES_STORAGE;DB_CLOSE_ON_EXIT=FALSE;LOCK_TIMEOUT=60000</url>
                    <username>wso2carbon</username>
                    <password>wso2carbon</password>
                    <driverClassName>org.h2.Driver</driverClassName>
                    <maxActive>50</maxActive>
                    <maxWait>60000</maxWait>
                </configuration>
            </definition>
        </datasource>
    </datasources>
</datasources-configuration>
